-- phpMyAdmin SQL Dump
-- version 5.2.1
-- https://www.phpmyadmin.net/
--
-- Host: localhost:3306
-- Generation Time: Aug 30, 2024 at 03:22 PM
-- Server version: 8.0.30
-- PHP Version: 8.1.10

SET SQL_MODE = "NO_AUTO_VALUE_ON_ZERO";
START TRANSACTION;
SET time_zone = "+00:00";


/*!40101 SET @OLD_CHARACTER_SET_CLIENT=@@CHARACTER_SET_CLIENT */;
/*!40101 SET @OLD_CHARACTER_SET_RESULTS=@@CHARACTER_SET_RESULTS */;
/*!40101 SET @OLD_COLLATION_CONNECTION=@@COLLATION_CONNECTION */;
/*!40101 SET NAMES utf8mb4 */;

--
-- Database: `digdaya`
--

-- --------------------------------------------------------

--
-- Table structure for table `customers`
--

CREATE TABLE `customers` (
  `id` bigint UNSIGNED NOT NULL,
  `name` varchar(255) COLLATE utf8mb4_unicode_ci NOT NULL,
  `email` varchar(255) COLLATE utf8mb4_unicode_ci NOT NULL,
  `email_verified_at` timestamp NULL DEFAULT NULL,
  `password` varchar(255) COLLATE utf8mb4_unicode_ci NOT NULL,
  `remember_token` varchar(100) COLLATE utf8mb4_unicode_ci DEFAULT NULL,
  `created_at` timestamp NULL DEFAULT NULL,
  `updated_at` timestamp NULL DEFAULT NULL
) ENGINE=InnoDB DEFAULT CHARSET=utf8mb4 COLLATE=utf8mb4_unicode_ci;

--
-- Dumping data for table `customers`
--

INSERT INTO `customers` (`id`, `name`, `email`, `email_verified_at`, `password`, `remember_token`, `created_at`, `updated_at`) VALUES
(1, 'customer 1', 'customer1@gmail.com', NULL, '$2y$12$Wa.0wf86mEfPnwVzX.wCwuThbUeYpOcltelRbdJF9pqEBNAr0OlFG', NULL, '2024-08-30 08:22:15', '2024-08-30 08:22:15'),
(2, 'customer 2', 'customer2@gmail.com', NULL, '$2y$12$kQfMeAHkSa4Bib1v5kwkoOY5ahY9QtSOMRSlrzXLnyRh5xr5quoE6', NULL, '2024-08-30 08:22:16', '2024-08-30 08:22:16');

-- --------------------------------------------------------

--
-- Table structure for table `failed_jobs`
--

CREATE TABLE `failed_jobs` (
  `id` bigint UNSIGNED NOT NULL,
  `uuid` varchar(255) COLLATE utf8mb4_unicode_ci NOT NULL,
  `connection` text COLLATE utf8mb4_unicode_ci NOT NULL,
  `queue` text COLLATE utf8mb4_unicode_ci NOT NULL,
  `payload` longtext COLLATE utf8mb4_unicode_ci NOT NULL,
  `exception` longtext COLLATE utf8mb4_unicode_ci NOT NULL,
  `failed_at` timestamp NOT NULL DEFAULT CURRENT_TIMESTAMP
) ENGINE=InnoDB DEFAULT CHARSET=utf8mb4 COLLATE=utf8mb4_unicode_ci;

-- --------------------------------------------------------

--
-- Table structure for table `migrations`
--

CREATE TABLE `migrations` (
  `id` int UNSIGNED NOT NULL,
  `migration` varchar(255) COLLATE utf8mb4_unicode_ci NOT NULL,
  `batch` int NOT NULL
) ENGINE=InnoDB DEFAULT CHARSET=utf8mb4 COLLATE=utf8mb4_unicode_ci;

--
-- Dumping data for table `migrations`
--

INSERT INTO `migrations` (`id`, `migration`, `batch`) VALUES
(1, '2014_10_12_000000_create_users_table', 1),
(2, '2014_10_12_100000_create_password_reset_tokens_table', 1),
(3, '2019_08_19_000000_create_failed_jobs_table', 1),
(4, '2019_12_14_000001_create_personal_access_tokens_table', 1),
(5, '2024_08_29_141200_create_orders_table', 1),
(6, '2024_08_29_141230_create_order_items_table', 1),
(7, '2024_08_29_141310_create_customers_table', 1),
(8, '2024_08_29_141347_create_products_table', 1);

-- --------------------------------------------------------

--
-- Table structure for table `orders`
--

CREATE TABLE `orders` (
  `id` bigint UNSIGNED NOT NULL,
  `customer_id` bigint UNSIGNED NOT NULL,
  `created_at` timestamp NULL DEFAULT NULL,
  `updated_at` timestamp NULL DEFAULT NULL
) ENGINE=InnoDB DEFAULT CHARSET=utf8mb4 COLLATE=utf8mb4_unicode_ci;

--
-- Dumping data for table `orders`
--

INSERT INTO `orders` (`id`, `customer_id`, `created_at`, `updated_at`) VALUES
(1, 1, '2024-08-30 08:22:16', '2024-08-30 08:22:16'),
(2, 2, '2024-08-30 08:22:16', '2024-08-30 08:22:16');

-- --------------------------------------------------------

--
-- Table structure for table `order_items`
--

CREATE TABLE `order_items` (
  `id` bigint UNSIGNED NOT NULL,
  `order_id` bigint UNSIGNED NOT NULL,
  `products_id` bigint UNSIGNED NOT NULL,
  `quantity` int NOT NULL,
  `price` int NOT NULL,
  `created_at` timestamp NULL DEFAULT NULL,
  `updated_at` timestamp NULL DEFAULT NULL
) ENGINE=InnoDB DEFAULT CHARSET=utf8mb4 COLLATE=utf8mb4_unicode_ci;

--
-- Dumping data for table `order_items`
--

INSERT INTO `order_items` (`id`, `order_id`, `products_id`, `quantity`, `price`, `created_at`, `updated_at`) VALUES
(1, 2, 2, 1, 1000, '2024-08-30 08:22:16', '2024-08-30 08:22:16'),
(2, 2, 2, 1, 1000, '2024-08-30 08:22:16', '2024-08-30 08:22:16'),
(3, 1, 2, 1, 1000, '2024-08-30 08:22:16', '2024-08-30 08:22:16'),
(4, 1, 1, 1, 1000, '2024-08-30 08:22:16', '2024-08-30 08:22:16'),
(5, 1, 2, 1, 1000, '2024-08-30 08:22:16', '2024-08-30 08:22:16'),
(6, 1, 2, 1, 1000, '2024-08-30 08:22:16', '2024-08-30 08:22:16'),
(7, 1, 2, 1, 1000, '2024-08-30 08:22:16', '2024-08-30 08:22:16'),
(8, 2, 2, 1, 1000, '2024-08-30 08:22:16', '2024-08-30 08:22:16'),
(9, 1, 1, 1, 1000, '2024-08-30 08:22:16', '2024-08-30 08:22:16'),
(10, 1, 2, 1, 1000, '2024-08-30 08:22:16', '2024-08-30 08:22:16'),
(11, 2, 1, 1, 1000, '2024-08-30 08:22:16', '2024-08-30 08:22:16'),
(12, 1, 2, 1, 1000, '2024-08-30 08:22:16', '2024-08-30 08:22:16'),
(13, 2, 1, 1, 1000, '2024-08-30 08:22:16', '2024-08-30 08:22:16'),
(14, 1, 1, 1, 1000, '2024-08-30 08:22:16', '2024-08-30 08:22:16'),
(15, 2, 1, 1, 1000, '2024-08-30 08:22:16', '2024-08-30 08:22:16'),
(16, 1, 1, 1, 1000, '2024-08-30 08:22:16', '2024-08-30 08:22:16'),
(17, 1, 2, 1, 1000, '2024-08-30 08:22:16', '2024-08-30 08:22:16'),
(18, 1, 2, 1, 1000, '2024-08-30 08:22:16', '2024-08-30 08:22:16'),
(19, 1, 1, 1, 1000, '2024-08-30 08:22:16', '2024-08-30 08:22:16'),
(20, 1, 1, 1, 1000, '2024-08-30 08:22:16', '2024-08-30 08:22:16'),
(21, 2, 1, 1, 1000, '2024-08-30 08:22:16', '2024-08-30 08:22:16'),
(22, 1, 1, 1, 1000, '2024-08-30 08:22:16', '2024-08-30 08:22:16'),
(23, 2, 1, 1, 1000, '2024-08-30 08:22:16', '2024-08-30 08:22:16'),
(24, 2, 1, 1, 1000, '2024-08-30 08:22:16', '2024-08-30 08:22:16'),
(25, 1, 1, 1, 1000, '2024-08-30 08:22:16', '2024-08-30 08:22:16'),
(26, 2, 1, 1, 1000, '2024-08-30 08:22:16', '2024-08-30 08:22:16'),
(27, 2, 2, 1, 1000, '2024-08-30 08:22:16', '2024-08-30 08:22:16'),
(28, 1, 2, 1, 1000, '2024-08-30 08:22:16', '2024-08-30 08:22:16'),
(29, 2, 1, 1, 1000, '2024-08-30 08:22:16', '2024-08-30 08:22:16'),
(30, 1, 2, 1, 1000, '2024-08-30 08:22:16', '2024-08-30 08:22:16'),
(31, 1, 1, 1, 1000, '2024-08-30 08:22:16', '2024-08-30 08:22:16'),
(32, 1, 1, 1, 1000, '2024-08-30 08:22:16', '2024-08-30 08:22:16'),
(33, 2, 2, 1, 1000, '2024-08-30 08:22:16', '2024-08-30 08:22:16'),
(34, 1, 1, 1, 1000, '2024-08-30 08:22:16', '2024-08-30 08:22:16'),
(35, 1, 1, 1, 1000, '2024-08-30 08:22:16', '2024-08-30 08:22:16'),
(36, 1, 1, 1, 1000, '2024-08-30 08:22:16', '2024-08-30 08:22:16'),
(37, 2, 1, 1, 1000, '2024-08-30 08:22:16', '2024-08-30 08:22:16'),
(38, 2, 2, 1, 1000, '2024-08-30 08:22:16', '2024-08-30 08:22:16'),
(39, 1, 1, 1, 1000, '2024-08-30 08:22:16', '2024-08-30 08:22:16'),
(40, 2, 2, 1, 1000, '2024-08-30 08:22:16', '2024-08-30 08:22:16'),
(41, 1, 1, 1, 1000, '2024-08-30 08:22:16', '2024-08-30 08:22:16'),
(42, 1, 1, 1, 1000, '2024-08-30 08:22:16', '2024-08-30 08:22:16'),
(43, 2, 1, 1, 1000, '2024-08-30 08:22:16', '2024-08-30 08:22:16'),
(44, 2, 1, 1, 1000, '2024-08-30 08:22:16', '2024-08-30 08:22:16'),
(45, 2, 1, 1, 1000, '2024-08-30 08:22:16', '2024-08-30 08:22:16'),
(46, 1, 1, 1, 1000, '2024-08-30 08:22:16', '2024-08-30 08:22:16'),
(47, 2, 2, 1, 1000, '2024-08-30 08:22:16', '2024-08-30 08:22:16'),
(48, 2, 2, 1, 1000, '2024-08-30 08:22:16', '2024-08-30 08:22:16'),
(49, 1, 1, 1, 1000, '2024-08-30 08:22:16', '2024-08-30 08:22:16'),
(50, 1, 1, 1, 1000, '2024-08-30 08:22:16', '2024-08-30 08:22:16'),
(51, 1, 1, 1, 1000, '2024-08-30 08:22:16', '2024-08-30 08:22:16'),
(52, 1, 2, 1, 1000, '2024-08-30 08:22:16', '2024-08-30 08:22:16'),
(53, 2, 1, 1, 1000, '2024-08-30 08:22:16', '2024-08-30 08:22:16'),
(54, 1, 2, 1, 1000, '2024-08-30 08:22:16', '2024-08-30 08:22:16'),
(55, 1, 2, 1, 1000, '2024-08-30 08:22:16', '2024-08-30 08:22:16'),
(56, 1, 2, 1, 1000, '2024-08-30 08:22:16', '2024-08-30 08:22:16'),
(57, 1, 2, 1, 1000, '2024-08-30 08:22:16', '2024-08-30 08:22:16'),
(58, 2, 1, 1, 1000, '2024-08-30 08:22:16', '2024-08-30 08:22:16'),
(59, 1, 2, 1, 1000, '2024-08-30 08:22:16', '2024-08-30 08:22:16'),
(60, 2, 1, 1, 1000, '2024-08-30 08:22:16', '2024-08-30 08:22:16'),
(61, 2, 1, 1, 1000, '2024-08-30 08:22:16', '2024-08-30 08:22:16'),
(62, 1, 1, 1, 1000, '2024-08-30 08:22:16', '2024-08-30 08:22:16'),
(63, 1, 1, 1, 1000, '2024-08-30 08:22:16', '2024-08-30 08:22:16'),
(64, 1, 2, 1, 1000, '2024-08-30 08:22:16', '2024-08-30 08:22:16'),
(65, 2, 2, 1, 1000, '2024-08-30 08:22:16', '2024-08-30 08:22:16'),
(66, 1, 2, 1, 1000, '2024-08-30 08:22:16', '2024-08-30 08:22:16'),
(67, 2, 1, 1, 1000, '2024-08-30 08:22:16', '2024-08-30 08:22:16'),
(68, 2, 1, 1, 1000, '2024-08-30 08:22:16', '2024-08-30 08:22:16'),
(69, 1, 1, 1, 1000, '2024-08-30 08:22:16', '2024-08-30 08:22:16'),
(70, 2, 2, 1, 1000, '2024-08-30 08:22:16', '2024-08-30 08:22:16'),
(71, 1, 1, 1, 1000, '2024-08-30 08:22:16', '2024-08-30 08:22:16'),
(72, 1, 1, 1, 1000, '2024-08-30 08:22:16', '2024-08-30 08:22:16'),
(73, 1, 1, 1, 1000, '2024-08-30 08:22:16', '2024-08-30 08:22:16'),
(74, 1, 2, 1, 1000, '2024-08-30 08:22:16', '2024-08-30 08:22:16'),
(75, 2, 1, 1, 1000, '2024-08-30 08:22:16', '2024-08-30 08:22:16'),
(76, 1, 1, 1, 1000, '2024-08-30 08:22:16', '2024-08-30 08:22:16'),
(77, 1, 2, 1, 1000, '2024-08-30 08:22:16', '2024-08-30 08:22:16'),
(78, 1, 1, 1, 1000, '2024-08-30 08:22:16', '2024-08-30 08:22:16'),
(79, 2, 1, 1, 1000, '2024-08-30 08:22:16', '2024-08-30 08:22:16'),
(80, 1, 1, 1, 1000, '2024-08-30 08:22:16', '2024-08-30 08:22:16'),
(81, 1, 1, 1, 1000, '2024-08-30 08:22:16', '2024-08-30 08:22:16'),
(82, 2, 2, 1, 1000, '2024-08-30 08:22:16', '2024-08-30 08:22:16'),
(83, 1, 1, 1, 1000, '2024-08-30 08:22:16', '2024-08-30 08:22:16'),
(84, 1, 2, 1, 1000, '2024-08-30 08:22:16', '2024-08-30 08:22:16'),
(85, 1, 1, 1, 1000, '2024-08-30 08:22:16', '2024-08-30 08:22:16'),
(86, 1, 2, 1, 1000, '2024-08-30 08:22:16', '2024-08-30 08:22:16'),
(87, 2, 1, 1, 1000, '2024-08-30 08:22:16', '2024-08-30 08:22:16'),
(88, 1, 2, 1, 1000, '2024-08-30 08:22:16', '2024-08-30 08:22:16'),
(89, 2, 1, 1, 1000, '2024-08-30 08:22:16', '2024-08-30 08:22:16'),
(90, 1, 1, 1, 1000, '2024-08-30 08:22:16', '2024-08-30 08:22:16'),
(91, 2, 1, 1, 1000, '2024-08-30 08:22:16', '2024-08-30 08:22:16'),
(92, 1, 2, 1, 1000, '2024-08-30 08:22:16', '2024-08-30 08:22:16'),
(93, 1, 2, 1, 1000, '2024-08-30 08:22:16', '2024-08-30 08:22:16'),
(94, 2, 1, 1, 1000, '2024-08-30 08:22:16', '2024-08-30 08:22:16'),
(95, 1, 2, 1, 1000, '2024-08-30 08:22:16', '2024-08-30 08:22:16'),
(96, 2, 2, 1, 1000, '2024-08-30 08:22:16', '2024-08-30 08:22:16'),
(97, 1, 2, 1, 1000, '2024-08-30 08:22:16', '2024-08-30 08:22:16'),
(98, 2, 2, 1, 1000, '2024-08-30 08:22:16', '2024-08-30 08:22:16'),
(99, 1, 2, 1, 1000, '2024-08-30 08:22:16', '2024-08-30 08:22:16'),
(100, 1, 2, 1, 1000, '2024-08-30 08:22:16', '2024-08-30 08:22:16'),
(101, 1, 2, 1, 1000, '2024-08-30 08:22:16', '2024-08-30 08:22:16'),
(102, 2, 1, 1, 1000, '2024-08-30 08:22:16', '2024-08-30 08:22:16'),
(103, 2, 2, 1, 1000, '2024-08-30 08:22:16', '2024-08-30 08:22:16'),
(104, 2, 1, 1, 1000, '2024-08-30 08:22:16', '2024-08-30 08:22:16'),
(105, 2, 1, 1, 1000, '2024-08-30 08:22:16', '2024-08-30 08:22:16'),
(106, 1, 1, 1, 1000, '2024-08-30 08:22:16', '2024-08-30 08:22:16'),
(107, 2, 2, 1, 1000, '2024-08-30 08:22:16', '2024-08-30 08:22:16'),
(108, 2, 2, 1, 1000, '2024-08-30 08:22:16', '2024-08-30 08:22:16'),
(109, 1, 2, 1, 1000, '2024-08-30 08:22:16', '2024-08-30 08:22:16'),
(110, 2, 2, 1, 1000, '2024-08-30 08:22:16', '2024-08-30 08:22:16'),
(111, 2, 2, 1, 1000, '2024-08-30 08:22:16', '2024-08-30 08:22:16'),
(112, 2, 2, 1, 1000, '2024-08-30 08:22:16', '2024-08-30 08:22:16'),
(113, 2, 1, 1, 1000, '2024-08-30 08:22:16', '2024-08-30 08:22:16'),
(114, 2, 2, 1, 1000, '2024-08-30 08:22:16', '2024-08-30 08:22:16'),
(115, 1, 2, 1, 1000, '2024-08-30 08:22:16', '2024-08-30 08:22:16'),
(116, 2, 1, 1, 1000, '2024-08-30 08:22:16', '2024-08-30 08:22:16'),
(117, 1, 1, 1, 1000, '2024-08-30 08:22:16', '2024-08-30 08:22:16'),
(118, 2, 1, 1, 1000, '2024-08-30 08:22:16', '2024-08-30 08:22:16'),
(119, 1, 1, 1, 1000, '2024-08-30 08:22:16', '2024-08-30 08:22:16'),
(120, 2, 2, 1, 1000, '2024-08-30 08:22:16', '2024-08-30 08:22:16'),
(121, 1, 2, 1, 1000, '2024-08-30 08:22:16', '2024-08-30 08:22:16'),
(122, 2, 2, 1, 1000, '2024-08-30 08:22:16', '2024-08-30 08:22:16'),
(123, 2, 1, 1, 1000, '2024-08-30 08:22:16', '2024-08-30 08:22:16'),
(124, 1, 2, 1, 1000, '2024-08-30 08:22:16', '2024-08-30 08:22:16'),
(125, 1, 1, 1, 1000, '2024-08-30 08:22:16', '2024-08-30 08:22:16'),
(126, 2, 2, 1, 1000, '2024-08-30 08:22:16', '2024-08-30 08:22:16'),
(127, 2, 2, 1, 1000, '2024-08-30 08:22:16', '2024-08-30 08:22:16'),
(128, 1, 2, 1, 1000, '2024-08-30 08:22:16', '2024-08-30 08:22:16'),
(129, 1, 1, 1, 1000, '2024-08-30 08:22:16', '2024-08-30 08:22:16'),
(130, 2, 1, 1, 1000, '2024-08-30 08:22:16', '2024-08-30 08:22:16'),
(131, 2, 1, 1, 1000, '2024-08-30 08:22:16', '2024-08-30 08:22:16'),
(132, 2, 1, 1, 1000, '2024-08-30 08:22:16', '2024-08-30 08:22:16'),
(133, 1, 1, 1, 1000, '2024-08-30 08:22:16', '2024-08-30 08:22:16'),
(134, 1, 1, 1, 1000, '2024-08-30 08:22:16', '2024-08-30 08:22:16'),
(135, 1, 2, 1, 1000, '2024-08-30 08:22:16', '2024-08-30 08:22:16'),
(136, 2, 1, 1, 1000, '2024-08-30 08:22:16', '2024-08-30 08:22:16'),
(137, 2, 2, 1, 1000, '2024-08-30 08:22:16', '2024-08-30 08:22:16'),
(138, 1, 1, 1, 1000, '2024-08-30 08:22:16', '2024-08-30 08:22:16'),
(139, 1, 1, 1, 1000, '2024-08-30 08:22:16', '2024-08-30 08:22:16'),
(140, 1, 1, 1, 1000, '2024-08-30 08:22:16', '2024-08-30 08:22:16'),
(141, 1, 2, 1, 1000, '2024-08-30 08:22:16', '2024-08-30 08:22:16'),
(142, 2, 2, 1, 1000, '2024-08-30 08:22:16', '2024-08-30 08:22:16'),
(143, 2, 2, 1, 1000, '2024-08-30 08:22:16', '2024-08-30 08:22:16'),
(144, 2, 1, 1, 1000, '2024-08-30 08:22:16', '2024-08-30 08:22:16'),
(145, 1, 1, 1, 1000, '2024-08-30 08:22:16', '2024-08-30 08:22:16'),
(146, 1, 1, 1, 1000, '2024-08-30 08:22:16', '2024-08-30 08:22:16'),
(147, 1, 1, 1, 1000, '2024-08-30 08:22:16', '2024-08-30 08:22:16'),
(148, 2, 2, 1, 1000, '2024-08-30 08:22:16', '2024-08-30 08:22:16'),
(149, 2, 2, 1, 1000, '2024-08-30 08:22:16', '2024-08-30 08:22:16'),
(150, 1, 1, 1, 1000, '2024-08-30 08:22:16', '2024-08-30 08:22:16'),
(151, 2, 1, 1, 1000, '2024-08-30 08:22:16', '2024-08-30 08:22:16'),
(152, 1, 1, 1, 1000, '2024-08-30 08:22:16', '2024-08-30 08:22:16'),
(153, 2, 1, 1, 1000, '2024-08-30 08:22:16', '2024-08-30 08:22:16'),
(154, 2, 1, 1, 1000, '2024-08-30 08:22:16', '2024-08-30 08:22:16'),
(155, 2, 2, 1, 1000, '2024-08-30 08:22:16', '2024-08-30 08:22:16'),
(156, 2, 1, 1, 1000, '2024-08-30 08:22:16', '2024-08-30 08:22:16'),
(157, 2, 2, 1, 1000, '2024-08-30 08:22:16', '2024-08-30 08:22:16'),
(158, 2, 2, 1, 1000, '2024-08-30 08:22:16', '2024-08-30 08:22:16'),
(159, 2, 1, 1, 1000, '2024-08-30 08:22:16', '2024-08-30 08:22:16'),
(160, 2, 2, 1, 1000, '2024-08-30 08:22:16', '2024-08-30 08:22:16'),
(161, 2, 1, 1, 1000, '2024-08-30 08:22:16', '2024-08-30 08:22:16'),
(162, 1, 1, 1, 1000, '2024-08-30 08:22:16', '2024-08-30 08:22:16'),
(163, 1, 1, 1, 1000, '2024-08-30 08:22:16', '2024-08-30 08:22:16'),
(164, 1, 1, 1, 1000, '2024-08-30 08:22:16', '2024-08-30 08:22:16'),
(165, 2, 1, 1, 1000, '2024-08-30 08:22:16', '2024-08-30 08:22:16'),
(166, 1, 2, 1, 1000, '2024-08-30 08:22:16', '2024-08-30 08:22:16'),
(167, 2, 1, 1, 1000, '2024-08-30 08:22:16', '2024-08-30 08:22:16'),
(168, 1, 2, 1, 1000, '2024-08-30 08:22:16', '2024-08-30 08:22:16'),
(169, 2, 1, 1, 1000, '2024-08-30 08:22:16', '2024-08-30 08:22:16'),
(170, 1, 1, 1, 1000, '2024-08-30 08:22:16', '2024-08-30 08:22:16'),
(171, 1, 1, 1, 1000, '2024-08-30 08:22:16', '2024-08-30 08:22:16'),
(172, 2, 1, 1, 1000, '2024-08-30 08:22:16', '2024-08-30 08:22:16'),
(173, 2, 1, 1, 1000, '2024-08-30 08:22:16', '2024-08-30 08:22:16'),
(174, 2, 2, 1, 1000, '2024-08-30 08:22:16', '2024-08-30 08:22:16'),
(175, 1, 2, 1, 1000, '2024-08-30 08:22:16', '2024-08-30 08:22:16'),
(176, 2, 2, 1, 1000, '2024-08-30 08:22:16', '2024-08-30 08:22:16'),
(177, 1, 1, 1, 1000, '2024-08-30 08:22:16', '2024-08-30 08:22:16'),
(178, 1, 2, 1, 1000, '2024-08-30 08:22:16', '2024-08-30 08:22:16'),
(179, 2, 1, 1, 1000, '2024-08-30 08:22:16', '2024-08-30 08:22:16'),
(180, 2, 2, 1, 1000, '2024-08-30 08:22:16', '2024-08-30 08:22:16'),
(181, 2, 1, 1, 1000, '2024-08-30 08:22:16', '2024-08-30 08:22:16'),
(182, 2, 1, 1, 1000, '2024-08-30 08:22:16', '2024-08-30 08:22:16'),
(183, 1, 1, 1, 1000, '2024-08-30 08:22:16', '2024-08-30 08:22:16'),
(184, 2, 1, 1, 1000, '2024-08-30 08:22:16', '2024-08-30 08:22:16'),
(185, 1, 2, 1, 1000, '2024-08-30 08:22:16', '2024-08-30 08:22:16'),
(186, 2, 1, 1, 1000, '2024-08-30 08:22:16', '2024-08-30 08:22:16'),
(187, 1, 2, 1, 1000, '2024-08-30 08:22:17', '2024-08-30 08:22:17'),
(188, 1, 1, 1, 1000, '2024-08-30 08:22:17', '2024-08-30 08:22:17'),
(189, 1, 2, 1, 1000, '2024-08-30 08:22:17', '2024-08-30 08:22:17'),
(190, 2, 2, 1, 1000, '2024-08-30 08:22:17', '2024-08-30 08:22:17'),
(191, 1, 2, 1, 1000, '2024-08-30 08:22:17', '2024-08-30 08:22:17'),
(192, 1, 2, 1, 1000, '2024-08-30 08:22:17', '2024-08-30 08:22:17'),
(193, 1, 1, 1, 1000, '2024-08-30 08:22:17', '2024-08-30 08:22:17'),
(194, 2, 1, 1, 1000, '2024-08-30 08:22:17', '2024-08-30 08:22:17'),
(195, 2, 1, 1, 1000, '2024-08-30 08:22:17', '2024-08-30 08:22:17'),
(196, 1, 2, 1, 1000, '2024-08-30 08:22:17', '2024-08-30 08:22:17'),
(197, 1, 2, 1, 1000, '2024-08-30 08:22:17', '2024-08-30 08:22:17'),
(198, 1, 2, 1, 1000, '2024-08-30 08:22:17', '2024-08-30 08:22:17'),
(199, 1, 1, 1, 1000, '2024-08-30 08:22:17', '2024-08-30 08:22:17'),
(200, 2, 1, 1, 1000, '2024-08-30 08:22:17', '2024-08-30 08:22:17'),
(201, 1, 1, 1, 1000, '2024-08-30 08:22:17', '2024-08-30 08:22:17'),
(202, 2, 1, 1, 1000, '2024-08-30 08:22:17', '2024-08-30 08:22:17'),
(203, 2, 1, 1, 1000, '2024-08-30 08:22:17', '2024-08-30 08:22:17'),
(204, 2, 1, 1, 1000, '2024-08-30 08:22:17', '2024-08-30 08:22:17'),
(205, 2, 1, 1, 1000, '2024-08-30 08:22:17', '2024-08-30 08:22:17'),
(206, 1, 2, 1, 1000, '2024-08-30 08:22:17', '2024-08-30 08:22:17'),
(207, 2, 2, 1, 1000, '2024-08-30 08:22:17', '2024-08-30 08:22:17'),
(208, 2, 1, 1, 1000, '2024-08-30 08:22:17', '2024-08-30 08:22:17'),
(209, 1, 1, 1, 1000, '2024-08-30 08:22:17', '2024-08-30 08:22:17'),
(210, 2, 1, 1, 1000, '2024-08-30 08:22:17', '2024-08-30 08:22:17'),
(211, 1, 2, 1, 1000, '2024-08-30 08:22:17', '2024-08-30 08:22:17'),
(212, 2, 2, 1, 1000, '2024-08-30 08:22:17', '2024-08-30 08:22:17'),
(213, 1, 2, 1, 1000, '2024-08-30 08:22:17', '2024-08-30 08:22:17'),
(214, 1, 1, 1, 1000, '2024-08-30 08:22:17', '2024-08-30 08:22:17'),
(215, 1, 1, 1, 1000, '2024-08-30 08:22:17', '2024-08-30 08:22:17'),
(216, 1, 1, 1, 1000, '2024-08-30 08:22:17', '2024-08-30 08:22:17'),
(217, 2, 1, 1, 1000, '2024-08-30 08:22:17', '2024-08-30 08:22:17'),
(218, 2, 1, 1, 1000, '2024-08-30 08:22:17', '2024-08-30 08:22:17'),
(219, 2, 1, 1, 1000, '2024-08-30 08:22:17', '2024-08-30 08:22:17'),
(220, 1, 2, 1, 1000, '2024-08-30 08:22:17', '2024-08-30 08:22:17'),
(221, 1, 1, 1, 1000, '2024-08-30 08:22:17', '2024-08-30 08:22:17'),
(222, 2, 1, 1, 1000, '2024-08-30 08:22:17', '2024-08-30 08:22:17'),
(223, 1, 1, 1, 1000, '2024-08-30 08:22:17', '2024-08-30 08:22:17'),
(224, 1, 2, 1, 1000, '2024-08-30 08:22:17', '2024-08-30 08:22:17'),
(225, 2, 2, 1, 1000, '2024-08-30 08:22:17', '2024-08-30 08:22:17'),
(226, 2, 1, 1, 1000, '2024-08-30 08:22:17', '2024-08-30 08:22:17'),
(227, 2, 1, 1, 1000, '2024-08-30 08:22:17', '2024-08-30 08:22:17'),
(228, 1, 2, 1, 1000, '2024-08-30 08:22:17', '2024-08-30 08:22:17'),
(229, 1, 2, 1, 1000, '2024-08-30 08:22:17', '2024-08-30 08:22:17'),
(230, 1, 2, 1, 1000, '2024-08-30 08:22:17', '2024-08-30 08:22:17'),
(231, 2, 1, 1, 1000, '2024-08-30 08:22:17', '2024-08-30 08:22:17'),
(232, 1, 1, 1, 1000, '2024-08-30 08:22:17', '2024-08-30 08:22:17'),
(233, 2, 2, 1, 1000, '2024-08-30 08:22:17', '2024-08-30 08:22:17'),
(234, 1, 2, 1, 1000, '2024-08-30 08:22:17', '2024-08-30 08:22:17'),
(235, 1, 1, 1, 1000, '2024-08-30 08:22:17', '2024-08-30 08:22:17'),
(236, 1, 1, 1, 1000, '2024-08-30 08:22:17', '2024-08-30 08:22:17'),
(237, 2, 1, 1, 1000, '2024-08-30 08:22:17', '2024-08-30 08:22:17'),
(238, 1, 2, 1, 1000, '2024-08-30 08:22:17', '2024-08-30 08:22:17'),
(239, 2, 1, 1, 1000, '2024-08-30 08:22:17', '2024-08-30 08:22:17'),
(240, 1, 1, 1, 1000, '2024-08-30 08:22:17', '2024-08-30 08:22:17'),
(241, 2, 2, 1, 1000, '2024-08-30 08:22:17', '2024-08-30 08:22:17'),
(242, 2, 2, 1, 1000, '2024-08-30 08:22:17', '2024-08-30 08:22:17'),
(243, 2, 1, 1, 1000, '2024-08-30 08:22:17', '2024-08-30 08:22:17'),
(244, 1, 1, 1, 1000, '2024-08-30 08:22:17', '2024-08-30 08:22:17'),
(245, 1, 1, 1, 1000, '2024-08-30 08:22:17', '2024-08-30 08:22:17'),
(246, 2, 1, 1, 1000, '2024-08-30 08:22:17', '2024-08-30 08:22:17'),
(247, 1, 2, 1, 1000, '2024-08-30 08:22:17', '2024-08-30 08:22:17'),
(248, 1, 2, 1, 1000, '2024-08-30 08:22:17', '2024-08-30 08:22:17'),
(249, 1, 1, 1, 1000, '2024-08-30 08:22:17', '2024-08-30 08:22:17'),
(250, 2, 2, 1, 1000, '2024-08-30 08:22:17', '2024-08-30 08:22:17'),
(251, 1, 2, 1, 1000, '2024-08-30 08:22:17', '2024-08-30 08:22:17'),
(252, 2, 1, 1, 1000, '2024-08-30 08:22:17', '2024-08-30 08:22:17'),
(253, 1, 1, 1, 1000, '2024-08-30 08:22:17', '2024-08-30 08:22:17'),
(254, 2, 1, 1, 1000, '2024-08-30 08:22:17', '2024-08-30 08:22:17'),
(255, 1, 1, 1, 1000, '2024-08-30 08:22:17', '2024-08-30 08:22:17'),
(256, 2, 1, 1, 1000, '2024-08-30 08:22:17', '2024-08-30 08:22:17'),
(257, 1, 1, 1, 1000, '2024-08-30 08:22:17', '2024-08-30 08:22:17'),
(258, 2, 2, 1, 1000, '2024-08-30 08:22:17', '2024-08-30 08:22:17'),
(259, 1, 2, 1, 1000, '2024-08-30 08:22:17', '2024-08-30 08:22:17'),
(260, 2, 2, 1, 1000, '2024-08-30 08:22:17', '2024-08-30 08:22:17'),
(261, 1, 1, 1, 1000, '2024-08-30 08:22:17', '2024-08-30 08:22:17'),
(262, 2, 2, 1, 1000, '2024-08-30 08:22:17', '2024-08-30 08:22:17'),
(263, 2, 1, 1, 1000, '2024-08-30 08:22:17', '2024-08-30 08:22:17'),
(264, 1, 2, 1, 1000, '2024-08-30 08:22:17', '2024-08-30 08:22:17'),
(265, 2, 1, 1, 1000, '2024-08-30 08:22:17', '2024-08-30 08:22:17'),
(266, 1, 2, 1, 1000, '2024-08-30 08:22:17', '2024-08-30 08:22:17'),
(267, 2, 2, 1, 1000, '2024-08-30 08:22:17', '2024-08-30 08:22:17'),
(268, 2, 2, 1, 1000, '2024-08-30 08:22:17', '2024-08-30 08:22:17'),
(269, 1, 2, 1, 1000, '2024-08-30 08:22:17', '2024-08-30 08:22:17'),
(270, 1, 2, 1, 1000, '2024-08-30 08:22:17', '2024-08-30 08:22:17'),
(271, 1, 1, 1, 1000, '2024-08-30 08:22:17', '2024-08-30 08:22:17'),
(272, 2, 2, 1, 1000, '2024-08-30 08:22:17', '2024-08-30 08:22:17'),
(273, 2, 1, 1, 1000, '2024-08-30 08:22:17', '2024-08-30 08:22:17'),
(274, 2, 2, 1, 1000, '2024-08-30 08:22:17', '2024-08-30 08:22:17'),
(275, 1, 1, 1, 1000, '2024-08-30 08:22:17', '2024-08-30 08:22:17'),
(276, 1, 1, 1, 1000, '2024-08-30 08:22:17', '2024-08-30 08:22:17'),
(277, 1, 1, 1, 1000, '2024-08-30 08:22:17', '2024-08-30 08:22:17'),
(278, 2, 1, 1, 1000, '2024-08-30 08:22:17', '2024-08-30 08:22:17'),
(279, 1, 2, 1, 1000, '2024-08-30 08:22:17', '2024-08-30 08:22:17'),
(280, 1, 1, 1, 1000, '2024-08-30 08:22:17', '2024-08-30 08:22:17'),
(281, 1, 2, 1, 1000, '2024-08-30 08:22:17', '2024-08-30 08:22:17'),
(282, 1, 2, 1, 1000, '2024-08-30 08:22:17', '2024-08-30 08:22:17'),
(283, 1, 2, 1, 1000, '2024-08-30 08:22:17', '2024-08-30 08:22:17'),
(284, 1, 2, 1, 1000, '2024-08-30 08:22:17', '2024-08-30 08:22:17'),
(285, 2, 1, 1, 1000, '2024-08-30 08:22:17', '2024-08-30 08:22:17'),
(286, 1, 2, 1, 1000, '2024-08-30 08:22:17', '2024-08-30 08:22:17'),
(287, 1, 2, 1, 1000, '2024-08-30 08:22:17', '2024-08-30 08:22:17'),
(288, 2, 1, 1, 1000, '2024-08-30 08:22:17', '2024-08-30 08:22:17'),
(289, 2, 1, 1, 1000, '2024-08-30 08:22:17', '2024-08-30 08:22:17'),
(290, 2, 1, 1, 1000, '2024-08-30 08:22:17', '2024-08-30 08:22:17'),
(291, 1, 1, 1, 1000, '2024-08-30 08:22:17', '2024-08-30 08:22:17'),
(292, 1, 2, 1, 1000, '2024-08-30 08:22:17', '2024-08-30 08:22:17'),
(293, 1, 2, 1, 1000, '2024-08-30 08:22:17', '2024-08-30 08:22:17'),
(294, 2, 1, 1, 1000, '2024-08-30 08:22:17', '2024-08-30 08:22:17'),
(295, 1, 2, 1, 1000, '2024-08-30 08:22:17', '2024-08-30 08:22:17'),
(296, 1, 2, 1, 1000, '2024-08-30 08:22:17', '2024-08-30 08:22:17'),
(297, 2, 2, 1, 1000, '2024-08-30 08:22:17', '2024-08-30 08:22:17'),
(298, 2, 2, 1, 1000, '2024-08-30 08:22:17', '2024-08-30 08:22:17'),
(299, 1, 2, 1, 1000, '2024-08-30 08:22:17', '2024-08-30 08:22:17'),
(300, 2, 2, 1, 1000, '2024-08-30 08:22:17', '2024-08-30 08:22:17'),
(301, 2, 1, 1, 1000, '2024-08-30 08:22:17', '2024-08-30 08:22:17'),
(302, 2, 2, 1, 1000, '2024-08-30 08:22:17', '2024-08-30 08:22:17'),
(303, 1, 1, 1, 1000, '2024-08-30 08:22:17', '2024-08-30 08:22:17'),
(304, 1, 2, 1, 1000, '2024-08-30 08:22:17', '2024-08-30 08:22:17'),
(305, 1, 2, 1, 1000, '2024-08-30 08:22:17', '2024-08-30 08:22:17'),
(306, 1, 1, 1, 1000, '2024-08-30 08:22:17', '2024-08-30 08:22:17'),
(307, 1, 1, 1, 1000, '2024-08-30 08:22:17', '2024-08-30 08:22:17'),
(308, 1, 2, 1, 1000, '2024-08-30 08:22:17', '2024-08-30 08:22:17'),
(309, 1, 1, 1, 1000, '2024-08-30 08:22:17', '2024-08-30 08:22:17'),
(310, 2, 1, 1, 1000, '2024-08-30 08:22:17', '2024-08-30 08:22:17'),
(311, 1, 2, 1, 1000, '2024-08-30 08:22:17', '2024-08-30 08:22:17'),
(312, 1, 1, 1, 1000, '2024-08-30 08:22:17', '2024-08-30 08:22:17'),
(313, 1, 1, 1, 1000, '2024-08-30 08:22:17', '2024-08-30 08:22:17'),
(314, 1, 1, 1, 1000, '2024-08-30 08:22:17', '2024-08-30 08:22:17'),
(315, 1, 1, 1, 1000, '2024-08-30 08:22:17', '2024-08-30 08:22:17'),
(316, 2, 1, 1, 1000, '2024-08-30 08:22:17', '2024-08-30 08:22:17'),
(317, 2, 1, 1, 1000, '2024-08-30 08:22:17', '2024-08-30 08:22:17'),
(318, 2, 2, 1, 1000, '2024-08-30 08:22:17', '2024-08-30 08:22:17'),
(319, 1, 1, 1, 1000, '2024-08-30 08:22:17', '2024-08-30 08:22:17'),
(320, 1, 1, 1, 1000, '2024-08-30 08:22:17', '2024-08-30 08:22:17'),
(321, 1, 2, 1, 1000, '2024-08-30 08:22:17', '2024-08-30 08:22:17'),
(322, 2, 2, 1, 1000, '2024-08-30 08:22:17', '2024-08-30 08:22:17'),
(323, 1, 1, 1, 1000, '2024-08-30 08:22:17', '2024-08-30 08:22:17'),
(324, 2, 1, 1, 1000, '2024-08-30 08:22:17', '2024-08-30 08:22:17'),
(325, 1, 2, 1, 1000, '2024-08-30 08:22:17', '2024-08-30 08:22:17'),
(326, 2, 2, 1, 1000, '2024-08-30 08:22:17', '2024-08-30 08:22:17'),
(327, 2, 1, 1, 1000, '2024-08-30 08:22:17', '2024-08-30 08:22:17'),
(328, 2, 2, 1, 1000, '2024-08-30 08:22:17', '2024-08-30 08:22:17'),
(329, 2, 1, 1, 1000, '2024-08-30 08:22:17', '2024-08-30 08:22:17'),
(330, 1, 1, 1, 1000, '2024-08-30 08:22:17', '2024-08-30 08:22:17'),
(331, 1, 2, 1, 1000, '2024-08-30 08:22:17', '2024-08-30 08:22:17'),
(332, 1, 2, 1, 1000, '2024-08-30 08:22:17', '2024-08-30 08:22:17'),
(333, 1, 2, 1, 1000, '2024-08-30 08:22:17', '2024-08-30 08:22:17'),
(334, 2, 1, 1, 1000, '2024-08-30 08:22:17', '2024-08-30 08:22:17'),
(335, 1, 2, 1, 1000, '2024-08-30 08:22:17', '2024-08-30 08:22:17'),
(336, 1, 1, 1, 1000, '2024-08-30 08:22:17', '2024-08-30 08:22:17'),
(337, 2, 1, 1, 1000, '2024-08-30 08:22:17', '2024-08-30 08:22:17'),
(338, 1, 2, 1, 1000, '2024-08-30 08:22:17', '2024-08-30 08:22:17'),
(339, 2, 2, 1, 1000, '2024-08-30 08:22:17', '2024-08-30 08:22:17'),
(340, 2, 2, 1, 1000, '2024-08-30 08:22:17', '2024-08-30 08:22:17'),
(341, 1, 2, 1, 1000, '2024-08-30 08:22:17', '2024-08-30 08:22:17'),
(342, 1, 1, 1, 1000, '2024-08-30 08:22:17', '2024-08-30 08:22:17'),
(343, 2, 2, 1, 1000, '2024-08-30 08:22:17', '2024-08-30 08:22:17'),
(344, 1, 1, 1, 1000, '2024-08-30 08:22:17', '2024-08-30 08:22:17'),
(345, 1, 2, 1, 1000, '2024-08-30 08:22:17', '2024-08-30 08:22:17'),
(346, 2, 2, 1, 1000, '2024-08-30 08:22:17', '2024-08-30 08:22:17'),
(347, 2, 1, 1, 1000, '2024-08-30 08:22:17', '2024-08-30 08:22:17'),
(348, 1, 1, 1, 1000, '2024-08-30 08:22:17', '2024-08-30 08:22:17'),
(349, 1, 2, 1, 1000, '2024-08-30 08:22:17', '2024-08-30 08:22:17'),
(350, 2, 1, 1, 1000, '2024-08-30 08:22:17', '2024-08-30 08:22:17'),
(351, 2, 1, 1, 1000, '2024-08-30 08:22:17', '2024-08-30 08:22:17'),
(352, 2, 1, 1, 1000, '2024-08-30 08:22:17', '2024-08-30 08:22:17'),
(353, 1, 2, 1, 1000, '2024-08-30 08:22:17', '2024-08-30 08:22:17'),
(354, 2, 2, 1, 1000, '2024-08-30 08:22:17', '2024-08-30 08:22:17'),
(355, 2, 2, 1, 1000, '2024-08-30 08:22:17', '2024-08-30 08:22:17'),
(356, 2, 2, 1, 1000, '2024-08-30 08:22:17', '2024-08-30 08:22:17'),
(357, 2, 1, 1, 1000, '2024-08-30 08:22:18', '2024-08-30 08:22:18'),
(358, 2, 1, 1, 1000, '2024-08-30 08:22:18', '2024-08-30 08:22:18'),
(359, 2, 1, 1, 1000, '2024-08-30 08:22:18', '2024-08-30 08:22:18'),
(360, 2, 1, 1, 1000, '2024-08-30 08:22:18', '2024-08-30 08:22:18'),
(361, 2, 2, 1, 1000, '2024-08-30 08:22:18', '2024-08-30 08:22:18'),
(362, 1, 2, 1, 1000, '2024-08-30 08:22:18', '2024-08-30 08:22:18'),
(363, 1, 1, 1, 1000, '2024-08-30 08:22:18', '2024-08-30 08:22:18'),
(364, 1, 1, 1, 1000, '2024-08-30 08:22:18', '2024-08-30 08:22:18'),
(365, 2, 1, 1, 1000, '2024-08-30 08:22:18', '2024-08-30 08:22:18'),
(366, 2, 2, 1, 1000, '2024-08-30 08:22:18', '2024-08-30 08:22:18'),
(367, 1, 1, 1, 1000, '2024-08-30 08:22:18', '2024-08-30 08:22:18'),
(368, 1, 2, 1, 1000, '2024-08-30 08:22:18', '2024-08-30 08:22:18'),
(369, 2, 1, 1, 1000, '2024-08-30 08:22:18', '2024-08-30 08:22:18'),
(370, 2, 2, 1, 1000, '2024-08-30 08:22:18', '2024-08-30 08:22:18'),
(371, 1, 2, 1, 1000, '2024-08-30 08:22:18', '2024-08-30 08:22:18'),
(372, 2, 1, 1, 1000, '2024-08-30 08:22:18', '2024-08-30 08:22:18'),
(373, 2, 2, 1, 1000, '2024-08-30 08:22:18', '2024-08-30 08:22:18'),
(374, 2, 2, 1, 1000, '2024-08-30 08:22:18', '2024-08-30 08:22:18'),
(375, 2, 2, 1, 1000, '2024-08-30 08:22:18', '2024-08-30 08:22:18'),
(376, 1, 1, 1, 1000, '2024-08-30 08:22:18', '2024-08-30 08:22:18'),
(377, 2, 1, 1, 1000, '2024-08-30 08:22:18', '2024-08-30 08:22:18'),
(378, 1, 2, 1, 1000, '2024-08-30 08:22:18', '2024-08-30 08:22:18'),
(379, 2, 2, 1, 1000, '2024-08-30 08:22:18', '2024-08-30 08:22:18'),
(380, 1, 1, 1, 1000, '2024-08-30 08:22:18', '2024-08-30 08:22:18'),
(381, 1, 2, 1, 1000, '2024-08-30 08:22:18', '2024-08-30 08:22:18'),
(382, 2, 2, 1, 1000, '2024-08-30 08:22:18', '2024-08-30 08:22:18'),
(383, 1, 2, 1, 1000, '2024-08-30 08:22:18', '2024-08-30 08:22:18'),
(384, 2, 2, 1, 1000, '2024-08-30 08:22:18', '2024-08-30 08:22:18'),
(385, 2, 1, 1, 1000, '2024-08-30 08:22:18', '2024-08-30 08:22:18'),
(386, 1, 2, 1, 1000, '2024-08-30 08:22:18', '2024-08-30 08:22:18'),
(387, 2, 2, 1, 1000, '2024-08-30 08:22:18', '2024-08-30 08:22:18'),
(388, 1, 2, 1, 1000, '2024-08-30 08:22:18', '2024-08-30 08:22:18'),
(389, 1, 2, 1, 1000, '2024-08-30 08:22:18', '2024-08-30 08:22:18'),
(390, 1, 2, 1, 1000, '2024-08-30 08:22:18', '2024-08-30 08:22:18'),
(391, 2, 1, 1, 1000, '2024-08-30 08:22:18', '2024-08-30 08:22:18'),
(392, 1, 1, 1, 1000, '2024-08-30 08:22:18', '2024-08-30 08:22:18'),
(393, 1, 1, 1, 1000, '2024-08-30 08:22:18', '2024-08-30 08:22:18'),
(394, 2, 1, 1, 1000, '2024-08-30 08:22:18', '2024-08-30 08:22:18'),
(395, 2, 2, 1, 1000, '2024-08-30 08:22:18', '2024-08-30 08:22:18'),
(396, 1, 1, 1, 1000, '2024-08-30 08:22:18', '2024-08-30 08:22:18'),
(397, 1, 1, 1, 1000, '2024-08-30 08:22:18', '2024-08-30 08:22:18'),
(398, 1, 1, 1, 1000, '2024-08-30 08:22:18', '2024-08-30 08:22:18'),
(399, 2, 2, 1, 1000, '2024-08-30 08:22:18', '2024-08-30 08:22:18'),
(400, 1, 2, 1, 1000, '2024-08-30 08:22:18', '2024-08-30 08:22:18'),
(401, 2, 2, 1, 1000, '2024-08-30 08:22:18', '2024-08-30 08:22:18'),
(402, 1, 2, 1, 1000, '2024-08-30 08:22:18', '2024-08-30 08:22:18'),
(403, 2, 1, 1, 1000, '2024-08-30 08:22:18', '2024-08-30 08:22:18'),
(404, 2, 1, 1, 1000, '2024-08-30 08:22:18', '2024-08-30 08:22:18'),
(405, 2, 1, 1, 1000, '2024-08-30 08:22:18', '2024-08-30 08:22:18'),
(406, 1, 2, 1, 1000, '2024-08-30 08:22:18', '2024-08-30 08:22:18'),
(407, 1, 2, 1, 1000, '2024-08-30 08:22:18', '2024-08-30 08:22:18'),
(408, 2, 2, 1, 1000, '2024-08-30 08:22:18', '2024-08-30 08:22:18'),
(409, 2, 1, 1, 1000, '2024-08-30 08:22:18', '2024-08-30 08:22:18'),
(410, 1, 2, 1, 1000, '2024-08-30 08:22:18', '2024-08-30 08:22:18'),
(411, 1, 2, 1, 1000, '2024-08-30 08:22:18', '2024-08-30 08:22:18'),
(412, 2, 1, 1, 1000, '2024-08-30 08:22:18', '2024-08-30 08:22:18'),
(413, 2, 1, 1, 1000, '2024-08-30 08:22:18', '2024-08-30 08:22:18'),
(414, 2, 2, 1, 1000, '2024-08-30 08:22:18', '2024-08-30 08:22:18'),
(415, 1, 1, 1, 1000, '2024-08-30 08:22:18', '2024-08-30 08:22:18'),
(416, 2, 1, 1, 1000, '2024-08-30 08:22:18', '2024-08-30 08:22:18'),
(417, 2, 2, 1, 1000, '2024-08-30 08:22:18', '2024-08-30 08:22:18'),
(418, 2, 1, 1, 1000, '2024-08-30 08:22:18', '2024-08-30 08:22:18'),
(419, 1, 2, 1, 1000, '2024-08-30 08:22:18', '2024-08-30 08:22:18'),
(420, 2, 2, 1, 1000, '2024-08-30 08:22:18', '2024-08-30 08:22:18'),
(421, 1, 2, 1, 1000, '2024-08-30 08:22:18', '2024-08-30 08:22:18'),
(422, 2, 1, 1, 1000, '2024-08-30 08:22:18', '2024-08-30 08:22:18'),
(423, 1, 1, 1, 1000, '2024-08-30 08:22:18', '2024-08-30 08:22:18'),
(424, 1, 1, 1, 1000, '2024-08-30 08:22:18', '2024-08-30 08:22:18'),
(425, 1, 1, 1, 1000, '2024-08-30 08:22:18', '2024-08-30 08:22:18'),
(426, 1, 1, 1, 1000, '2024-08-30 08:22:18', '2024-08-30 08:22:18'),
(427, 1, 1, 1, 1000, '2024-08-30 08:22:18', '2024-08-30 08:22:18'),
(428, 1, 1, 1, 1000, '2024-08-30 08:22:18', '2024-08-30 08:22:18'),
(429, 1, 2, 1, 1000, '2024-08-30 08:22:18', '2024-08-30 08:22:18'),
(430, 2, 1, 1, 1000, '2024-08-30 08:22:18', '2024-08-30 08:22:18'),
(431, 2, 2, 1, 1000, '2024-08-30 08:22:18', '2024-08-30 08:22:18'),
(432, 1, 1, 1, 1000, '2024-08-30 08:22:18', '2024-08-30 08:22:18'),
(433, 1, 2, 1, 1000, '2024-08-30 08:22:18', '2024-08-30 08:22:18'),
(434, 2, 1, 1, 1000, '2024-08-30 08:22:18', '2024-08-30 08:22:18'),
(435, 1, 1, 1, 1000, '2024-08-30 08:22:18', '2024-08-30 08:22:18'),
(436, 2, 1, 1, 1000, '2024-08-30 08:22:18', '2024-08-30 08:22:18'),
(437, 2, 2, 1, 1000, '2024-08-30 08:22:18', '2024-08-30 08:22:18'),
(438, 2, 1, 1, 1000, '2024-08-30 08:22:18', '2024-08-30 08:22:18'),
(439, 1, 2, 1, 1000, '2024-08-30 08:22:18', '2024-08-30 08:22:18'),
(440, 1, 2, 1, 1000, '2024-08-30 08:22:18', '2024-08-30 08:22:18'),
(441, 1, 2, 1, 1000, '2024-08-30 08:22:18', '2024-08-30 08:22:18'),
(442, 1, 1, 1, 1000, '2024-08-30 08:22:18', '2024-08-30 08:22:18'),
(443, 1, 2, 1, 1000, '2024-08-30 08:22:18', '2024-08-30 08:22:18'),
(444, 1, 2, 1, 1000, '2024-08-30 08:22:18', '2024-08-30 08:22:18'),
(445, 1, 1, 1, 1000, '2024-08-30 08:22:18', '2024-08-30 08:22:18'),
(446, 2, 1, 1, 1000, '2024-08-30 08:22:18', '2024-08-30 08:22:18'),
(447, 2, 2, 1, 1000, '2024-08-30 08:22:18', '2024-08-30 08:22:18'),
(448, 1, 1, 1, 1000, '2024-08-30 08:22:18', '2024-08-30 08:22:18'),
(449, 1, 1, 1, 1000, '2024-08-30 08:22:18', '2024-08-30 08:22:18'),
(450, 2, 1, 1, 1000, '2024-08-30 08:22:18', '2024-08-30 08:22:18'),
(451, 1, 1, 1, 1000, '2024-08-30 08:22:18', '2024-08-30 08:22:18'),
(452, 1, 1, 1, 1000, '2024-08-30 08:22:18', '2024-08-30 08:22:18'),
(453, 2, 2, 1, 1000, '2024-08-30 08:22:18', '2024-08-30 08:22:18'),
(454, 1, 1, 1, 1000, '2024-08-30 08:22:18', '2024-08-30 08:22:18'),
(455, 1, 2, 1, 1000, '2024-08-30 08:22:18', '2024-08-30 08:22:18'),
(456, 1, 1, 1, 1000, '2024-08-30 08:22:18', '2024-08-30 08:22:18'),
(457, 1, 1, 1, 1000, '2024-08-30 08:22:18', '2024-08-30 08:22:18'),
(458, 2, 2, 1, 1000, '2024-08-30 08:22:18', '2024-08-30 08:22:18'),
(459, 1, 1, 1, 1000, '2024-08-30 08:22:18', '2024-08-30 08:22:18'),
(460, 2, 1, 1, 1000, '2024-08-30 08:22:18', '2024-08-30 08:22:18'),
(461, 2, 2, 1, 1000, '2024-08-30 08:22:18', '2024-08-30 08:22:18'),
(462, 1, 1, 1, 1000, '2024-08-30 08:22:18', '2024-08-30 08:22:18'),
(463, 1, 2, 1, 1000, '2024-08-30 08:22:18', '2024-08-30 08:22:18'),
(464, 2, 1, 1, 1000, '2024-08-30 08:22:18', '2024-08-30 08:22:18'),
(465, 1, 1, 1, 1000, '2024-08-30 08:22:18', '2024-08-30 08:22:18'),
(466, 2, 1, 1, 1000, '2024-08-30 08:22:18', '2024-08-30 08:22:18'),
(467, 1, 2, 1, 1000, '2024-08-30 08:22:18', '2024-08-30 08:22:18'),
(468, 1, 1, 1, 1000, '2024-08-30 08:22:18', '2024-08-30 08:22:18'),
(469, 2, 1, 1, 1000, '2024-08-30 08:22:18', '2024-08-30 08:22:18'),
(470, 1, 1, 1, 1000, '2024-08-30 08:22:18', '2024-08-30 08:22:18'),
(471, 1, 2, 1, 1000, '2024-08-30 08:22:18', '2024-08-30 08:22:18'),
(472, 1, 1, 1, 1000, '2024-08-30 08:22:18', '2024-08-30 08:22:18'),
(473, 1, 1, 1, 1000, '2024-08-30 08:22:18', '2024-08-30 08:22:18'),
(474, 2, 1, 1, 1000, '2024-08-30 08:22:18', '2024-08-30 08:22:18'),
(475, 1, 2, 1, 1000, '2024-08-30 08:22:18', '2024-08-30 08:22:18'),
(476, 1, 2, 1, 1000, '2024-08-30 08:22:18', '2024-08-30 08:22:18'),
(477, 1, 1, 1, 1000, '2024-08-30 08:22:18', '2024-08-30 08:22:18'),
(478, 1, 2, 1, 1000, '2024-08-30 08:22:18', '2024-08-30 08:22:18'),
(479, 2, 1, 1, 1000, '2024-08-30 08:22:18', '2024-08-30 08:22:18'),
(480, 1, 1, 1, 1000, '2024-08-30 08:22:18', '2024-08-30 08:22:18'),
(481, 1, 2, 1, 1000, '2024-08-30 08:22:18', '2024-08-30 08:22:18'),
(482, 2, 1, 1, 1000, '2024-08-30 08:22:18', '2024-08-30 08:22:18'),
(483, 1, 1, 1, 1000, '2024-08-30 08:22:18', '2024-08-30 08:22:18'),
(484, 1, 1, 1, 1000, '2024-08-30 08:22:18', '2024-08-30 08:22:18'),
(485, 2, 1, 1, 1000, '2024-08-30 08:22:18', '2024-08-30 08:22:18'),
(486, 2, 2, 1, 1000, '2024-08-30 08:22:18', '2024-08-30 08:22:18'),
(487, 1, 2, 1, 1000, '2024-08-30 08:22:18', '2024-08-30 08:22:18'),
(488, 2, 2, 1, 1000, '2024-08-30 08:22:18', '2024-08-30 08:22:18'),
(489, 2, 1, 1, 1000, '2024-08-30 08:22:18', '2024-08-30 08:22:18'),
(490, 2, 2, 1, 1000, '2024-08-30 08:22:18', '2024-08-30 08:22:18'),
(491, 1, 2, 1, 1000, '2024-08-30 08:22:18', '2024-08-30 08:22:18'),
(492, 2, 1, 1, 1000, '2024-08-30 08:22:18', '2024-08-30 08:22:18'),
(493, 1, 2, 1, 1000, '2024-08-30 08:22:18', '2024-08-30 08:22:18'),
(494, 1, 1, 1, 1000, '2024-08-30 08:22:18', '2024-08-30 08:22:18'),
(495, 1, 1, 1, 1000, '2024-08-30 08:22:18', '2024-08-30 08:22:18'),
(496, 2, 1, 1, 1000, '2024-08-30 08:22:18', '2024-08-30 08:22:18'),
(497, 2, 2, 1, 1000, '2024-08-30 08:22:18', '2024-08-30 08:22:18'),
(498, 2, 1, 1, 1000, '2024-08-30 08:22:18', '2024-08-30 08:22:18'),
(499, 2, 2, 1, 1000, '2024-08-30 08:22:18', '2024-08-30 08:22:18'),
(500, 2, 2, 1, 1000, '2024-08-30 08:22:18', '2024-08-30 08:22:18');

-- --------------------------------------------------------

--
-- Table structure for table `password_reset_tokens`
--

CREATE TABLE `password_reset_tokens` (
  `email` varchar(255) COLLATE utf8mb4_unicode_ci NOT NULL,
  `token` varchar(255) COLLATE utf8mb4_unicode_ci NOT NULL,
  `created_at` timestamp NULL DEFAULT NULL
) ENGINE=InnoDB DEFAULT CHARSET=utf8mb4 COLLATE=utf8mb4_unicode_ci;

-- --------------------------------------------------------

--
-- Table structure for table `personal_access_tokens`
--

CREATE TABLE `personal_access_tokens` (
  `id` bigint UNSIGNED NOT NULL,
  `tokenable_type` varchar(255) COLLATE utf8mb4_unicode_ci NOT NULL,
  `tokenable_id` bigint UNSIGNED NOT NULL,
  `name` varchar(255) COLLATE utf8mb4_unicode_ci NOT NULL,
  `token` varchar(64) COLLATE utf8mb4_unicode_ci NOT NULL,
  `abilities` text COLLATE utf8mb4_unicode_ci,
  `last_used_at` timestamp NULL DEFAULT NULL,
  `expires_at` timestamp NULL DEFAULT NULL,
  `created_at` timestamp NULL DEFAULT NULL,
  `updated_at` timestamp NULL DEFAULT NULL
) ENGINE=InnoDB DEFAULT CHARSET=utf8mb4 COLLATE=utf8mb4_unicode_ci;

-- --------------------------------------------------------

--
-- Table structure for table `products`
--

CREATE TABLE `products` (
  `id` bigint UNSIGNED NOT NULL,
  `name` varchar(255) COLLATE utf8mb4_unicode_ci NOT NULL,
  `description` varchar(255) COLLATE utf8mb4_unicode_ci NOT NULL,
  `price` bigint NOT NULL,
  `category` varchar(255) COLLATE utf8mb4_unicode_ci NOT NULL,
  `created_at` timestamp NULL DEFAULT NULL,
  `updated_at` timestamp NULL DEFAULT NULL
) ENGINE=InnoDB DEFAULT CHARSET=utf8mb4 COLLATE=utf8mb4_unicode_ci;

--
-- Dumping data for table `products`
--

INSERT INTO `products` (`id`, `name`, `description`, `price`, `category`, `created_at`, `updated_at`) VALUES
(1, 'ABC', 'Cetak ABC', 1000, 'Cetak Digital', '2024-08-30 08:22:16', '2024-08-30 08:22:16'),
(2, 'XYZ', 'Copy XYZ', 100, 'Fotocopy', '2024-08-30 08:22:16', '2024-08-30 08:22:16');

-- --------------------------------------------------------

--
-- Table structure for table `users`
--

CREATE TABLE `users` (
  `id` bigint UNSIGNED NOT NULL,
  `name` varchar(255) COLLATE utf8mb4_unicode_ci NOT NULL,
  `email` varchar(255) COLLATE utf8mb4_unicode_ci NOT NULL,
  `email_verified_at` timestamp NULL DEFAULT NULL,
  `password` varchar(255) COLLATE utf8mb4_unicode_ci NOT NULL,
  `remember_token` varchar(100) COLLATE utf8mb4_unicode_ci DEFAULT NULL,
  `created_at` timestamp NULL DEFAULT NULL,
  `updated_at` timestamp NULL DEFAULT NULL
) ENGINE=InnoDB DEFAULT CHARSET=utf8mb4 COLLATE=utf8mb4_unicode_ci;

--
-- Dumping data for table `users`
--

INSERT INTO `users` (`id`, `name`, `email`, `email_verified_at`, `password`, `remember_token`, `created_at`, `updated_at`) VALUES
(1, 'admin', 'admin@gmail.com', '2024-08-30 08:22:14', '$2y$12$1Bt1gWcKGyQH18p210PAmuTQnopBIfacOq/cqx7Az4W29.EgZtd6e', 'qBcLE7WwNT', '2024-08-30 08:22:15', '2024-08-30 08:22:15');

--
-- Indexes for dumped tables
--

--
-- Indexes for table `customers`
--
ALTER TABLE `customers`
  ADD PRIMARY KEY (`id`),
  ADD UNIQUE KEY `customers_email_unique` (`email`);

--
-- Indexes for table `failed_jobs`
--
ALTER TABLE `failed_jobs`
  ADD PRIMARY KEY (`id`),
  ADD UNIQUE KEY `failed_jobs_uuid_unique` (`uuid`);

--
-- Indexes for table `migrations`
--
ALTER TABLE `migrations`
  ADD PRIMARY KEY (`id`);

--
-- Indexes for table `orders`
--
ALTER TABLE `orders`
  ADD PRIMARY KEY (`id`),
  ADD KEY `orders_created_at_index` (`created_at`);

--
-- Indexes for table `order_items`
--
ALTER TABLE `order_items`
  ADD PRIMARY KEY (`id`),
  ADD KEY `order_items_order_id_index` (`order_id`),
  ADD KEY `order_items_products_id_index` (`products_id`);

--
-- Indexes for table `password_reset_tokens`
--
ALTER TABLE `password_reset_tokens`
  ADD PRIMARY KEY (`email`);

--
-- Indexes for table `personal_access_tokens`
--
ALTER TABLE `personal_access_tokens`
  ADD PRIMARY KEY (`id`),
  ADD UNIQUE KEY `personal_access_tokens_token_unique` (`token`),
  ADD KEY `personal_access_tokens_tokenable_type_tokenable_id_index` (`tokenable_type`,`tokenable_id`);

--
-- Indexes for table `products`
--
ALTER TABLE `products`
  ADD PRIMARY KEY (`id`);

--
-- Indexes for table `users`
--
ALTER TABLE `users`
  ADD PRIMARY KEY (`id`),
  ADD UNIQUE KEY `users_email_unique` (`email`);

--
-- AUTO_INCREMENT for dumped tables
--

--
-- AUTO_INCREMENT for table `customers`
--
ALTER TABLE `customers`
  MODIFY `id` bigint UNSIGNED NOT NULL AUTO_INCREMENT, AUTO_INCREMENT=3;

--
-- AUTO_INCREMENT for table `failed_jobs`
--
ALTER TABLE `failed_jobs`
  MODIFY `id` bigint UNSIGNED NOT NULL AUTO_INCREMENT;

--
-- AUTO_INCREMENT for table `migrations`
--
ALTER TABLE `migrations`
  MODIFY `id` int UNSIGNED NOT NULL AUTO_INCREMENT, AUTO_INCREMENT=9;

--
-- AUTO_INCREMENT for table `orders`
--
ALTER TABLE `orders`
  MODIFY `id` bigint UNSIGNED NOT NULL AUTO_INCREMENT, AUTO_INCREMENT=3;

--
-- AUTO_INCREMENT for table `order_items`
--
ALTER TABLE `order_items`
  MODIFY `id` bigint UNSIGNED NOT NULL AUTO_INCREMENT, AUTO_INCREMENT=501;

--
-- AUTO_INCREMENT for table `personal_access_tokens`
--
ALTER TABLE `personal_access_tokens`
  MODIFY `id` bigint UNSIGNED NOT NULL AUTO_INCREMENT;

--
-- AUTO_INCREMENT for table `products`
--
ALTER TABLE `products`
  MODIFY `id` bigint UNSIGNED NOT NULL AUTO_INCREMENT, AUTO_INCREMENT=3;

--
-- AUTO_INCREMENT for table `users`
--
ALTER TABLE `users`
  MODIFY `id` bigint UNSIGNED NOT NULL AUTO_INCREMENT, AUTO_INCREMENT=2;
COMMIT;

/*!40101 SET CHARACTER_SET_CLIENT=@OLD_CHARACTER_SET_CLIENT */;
/*!40101 SET CHARACTER_SET_RESULTS=@OLD_CHARACTER_SET_RESULTS */;
/*!40101 SET COLLATION_CONNECTION=@OLD_COLLATION_CONNECTION */;
